{"cameraMode":{"drawMode":0,"name":"Shaded","section":"Shading Mode"},"sceneLighting":true,"audioPlay":false,"sceneViewState":{"showFog":true,"showMaterialUpdate":false,"showSkybox":true,"showFlares":true,"showImageEffects":true,"showParticleSystems":true},"in2DMode":false,"pivot":{"x":-1.5292633771896363,"y":-3.956979274749756,"z":-0.8034555315971375},"rotation":{"x":-0.11075879633426666,"y":0.8869521617889404,"z":-0.2813902795314789,"w":-0.3491271436214447},"size":9.786160469055176,"orthographic":false}